,Titles,Description
0,Top 13: as melhores séries para assistir no Globoplay,"Dramas, romances, comédias, documentários… O acervo do Globoplay é incrível! Conheça 13 séries imperdíveis no streaming da Globo!"
1,Oi Fibra na casa do BBB: como foi a prova do líder,A internet oficial da casa do BBB 24 foi responsável por uma das provas do líder. Entenda como foi a prova organizada pela Oi Fibra!
2,STU Open Rio e Oi levam atletas para voar na pista,"Oi contou com estande exclusivo para tirar fotos e se divertir na realidade virtual. Além das competições de skate, público se divertiu com shows de música."
3,Dia das Crianças: conheça brinquedos eletrônicos marcantes,Você já sonhou em capturar pokémons ou brincar com um Furby? Faça uma viagem no tempo e conheça brinquedos eletrônicos que fizeram história!
4,TV por assinatura tradicional ou via streaming: o que vale a pena?,Conheça as vantagens e desvantagens de cada modalidade.
5,Oi Play na Smart TV: como assistir aos conteúdos na sua TV,"Veja como baixar o Oi Play na Smart TV Samsung, Oi Play Smart TV LG e como baixar Oi Play na Smart TV de outras marcas."
6,Assistir TV online: como assistir canais de TV ao vivo,Conheça algumas opções para assistir TV online.
7,Top 13: as melhores séries para assistir no Globoplay,"Dramas, romances, comédias, documentários… O acervo do Globoplay é incrível! Conheça 13 séries imperdíveis no streaming da Globo!"
8,Oi Fibra na casa do BBB: como foi a prova do líder,A internet oficial da casa do BBB 24 foi responsável por uma das provas do líder. Entenda como foi a prova organizada pela Oi Fibra!
9,STU Open Rio e Oi levam atletas para voar na pista,"Oi contou com estande exclusivo para tirar fotos e se divertir na realidade virtual. Além das competições de skate, público se divertiu com shows de música."
10,Dia das Crianças: conheça brinquedos eletrônicos marcantes,Você já sonhou em capturar pokémons ou brincar com um Furby? Faça uma viagem no tempo e conheça brinquedos eletrônicos que fizeram história!
11,TV por assinatura tradicional ou via streaming: o que vale a pena?,Conheça as vantagens e desvantagens de cada modalidade.
12,Oi Play na Smart TV: como assistir aos conteúdos na sua TV,"Veja como baixar o Oi Play na Smart TV Samsung, Oi Play Smart TV LG e como baixar Oi Play na Smart TV de outras marcas."
13,Assistir TV online: como assistir canais de TV ao vivo,Conheça algumas opções para assistir TV online.
14,Top 13: as melhores séries para assistir no Globoplay,"Dramas, romances, comédias, documentários… O acervo do Globoplay é incrível! Conheça 13 séries imperdíveis no streaming da Globo!"
15,Oi Fibra na casa do BBB: como foi a prova do líder,A internet oficial da casa do BBB 24 foi responsável por uma das provas do líder. Entenda como foi a prova organizada pela Oi Fibra!
16,STU Open Rio e Oi levam atletas para voar na pista,"Oi contou com estande exclusivo para tirar fotos e se divertir na realidade virtual. Além das competições de skate, público se divertiu com shows de música."
17,Dia das Crianças: conheça brinquedos eletrônicos marcantes,Você já sonhou em capturar pokémons ou brincar com um Furby? Faça uma viagem no tempo e conheça brinquedos eletrônicos que fizeram história!
18,TV por assinatura tradicional ou via streaming: o que vale a pena?,Conheça as vantagens e desvantagens de cada modalidade.
19,Oi Play na Smart TV: como assistir aos conteúdos na sua TV,"Veja como baixar o Oi Play na Smart TV Samsung, Oi Play Smart TV LG e como baixar Oi Play na Smart TV de outras marcas."
20,Assistir TV online: como assistir canais de TV ao vivo,Conheça algumas opções para assistir TV online.
